x,t,u
0.7121982449383104,0.4092842713980699,0.02884986299871596
0.0037676014178239514,0.9089568834069526,0.9989530547897291
0.15998913006712978,0.8372028311613879,0.9172364014077065
0.2816412517205301,0.6644548592412144,0.7315280396671452
0.7127527603068841,0.27034574175144144,0.0028198022735185253
0.5813322698129175,0.36756509940980486,0.06598596746596877
0.13195668979264175,0.6366955216318076,0.9022430689618076
0.8257491679842691,0.45624215110734956,0.01554417650271467
0.9084673980408203,0.9204010935790465,0.15451017864809766
0.0549282973078995,0.2879560944804558,0.9096613210189686
0.43020091303670716,0.5998467717900681,0.456393031341478
0.03736186209796688,0.7664144577308034,0.9843421046565891
0.4062800216894853,0.18968619818831967,0.04929489567196454
0.08007428077524426,0.41602163784413493,0.9079780900588794
0.7080317711153905,0.39319539026363337,0.02506422394737355
0.14868234970982863,0.10673546522902277,0.364186959751614
0.37368646384504123,0.2604636803421745,0.16495078380721254
0.534624108338402,0.16806720355635385,0.0031976865678366145
0.6134621847983576,0.7157607944303201,0.29942307097021287
0.7591684886325252,0.1500811535545663,2.72725232042823e-06
0.8552067106043499,0.5398587020613527,0.027664341644966922
0.4496013084998396,0.01904135939395868,3.166652048445992e-17
0.9152363969957343,0.7611851400927259,0.07824717033284025
0.7537265897255341,0.4314905205708601,0.024345882862970368
0.081857769022192,0.8587758375473855,0.9675003685346819
0.42688923197052664,0.8166527555751962,0.6219858180717454
0.36341931225837043,0.3588379507643732,0.31324958968027805
0.6080603885604307,0.7977590447661528,0.3685304951592054
0.932577987384798,0.3153000129814997,0.0002259665585580365
0.8814304633117188,0.006104153225743869,1.989455581072016e-194
0.26315003640363777,0.3190974058149706,0.4643220995831705
0.5571289685964371,0.29989625986389157,0.04026952192412132
0.8864669622140411,0.8003455313469153,0.11029922147715833
0.2610610975158476,0.7691202728803926,0.805212886127902
0.0688462422243703,0.9308107539711719,0.977278412880602
0.2455725799960864,0.7056513024529518,0.7981332314517754
0.9025936522363455,0.9618447876045024,0.18025660200048305
0.64951633466513,0.1378464215527715,3.199992367597729e-05
0.500145050647269,0.7342995234314271,0.46350009656694213
0.8983322480467821,0.8299187543942165,0.1169689294988154
0.7102772738236869,0.6220258610708084,0.13441109847540378
0.7729637140481137,0.7562185631268243,0.16646548751337084
0.36289529049886526,0.22790565488099734,0.1360007487216919
0.20469501069306728,0.283828870961204,0.5561133923173482
0.9498298530635548,0.8892106505193841,0.11343001920431961
0.15442390699286568,0.6180193686491605,0.8736932129755951
0.11399377065737326,0.842976519886998,0.9485999435410931
0.9656848009040049,0.7692881290750958,0.059815751928339954
0.36548424118195477,0.4085724109002429,0.3708389103282069
0.14863916583080106,0.46870420251072775,0.8262793299547039
0.8609850328549326,0.23487063513724615,4.372145576620808e-05
0.8286573616712164,0.07216142996569141,5.656071607222056e-15
0.6868555621663774,0.994291839729195,0.41027536493388395
0.3763185329056905,0.449211360963213,0.397819567878973
0.572298281032256,0.06738931428682571,3.8203370167791344e-08
0.8691442374251048,0.33306826601252093,0.001089419418790394
0.4530162575457174,0.5250348867300989,0.3504050060517907
0.8341766407340396,0.3295991364728359,0.001731184518332946
0.5013765756462526,0.483611120625703,0.24012739020411367
0.7339226071250912,0.15145789621645422,6.983112794572657e-06
0.6385446733767587,0.2625864462012897,0.00748577420492539
0.1917103789922553,0.646880739326375,0.8400936061552795
0.2936527132275487,0.1890062780683004,0.18371552531165072
0.4889439058571202,0.1560577984495013,0.005203262379526793
0.6453863531910085,0.3677222369152696,0.03562217666535592
0.907593172296423,0.09256586533002098,6.561498970092144e-14
0.4733380119076993,0.07299740350979766,1.762350288090303e-05
0.7124428577587042,0.359626235812069,0.01544539254567692
0.12645999644443207,0.00885670690611684,0.0005839324111896062
0.640965523743024,0.33295904338823534,0.02428433130548592
0.38786807132833045,0.13640805439801307,0.01921918389996376
0.9435161639944568,0.30674210994309226,0.00013945676681174338
0.1279954024894837,0.6079613797247323,0.8995925738157733
0.08925213071481608,0.9015221412078468,0.9667536398415107
0.30224828310344876,0.7176092961972139,0.7316980234845625
0.512614175396643,0.0486603537214958,4.524250985234298e-09
0.4677886211361104,0.9168173888412198,0.6282909154522951
0.7768102060551265,0.8195075739087828,0.20199077999133966
0.4464725957786001,0.927248369531308,0.6599420079291333
0.4653791518532451,0.004416749001166731,6.353999322635086e-76
0.975236017955998,0.06083907785800802,3.7655215165003126e-24
0.910172824567473,0.03154120122840531,1.6448558165650332e-40
0.3752602553371841,0.2865541769064529,0.1975638591232929
0.41088517673061153,0.15887764209298483,0.023976984168496734
0.6730530623140654,0.3867795514606488,0.0333120386709164
0.8155702096846544,0.6607142625853835,0.08601083446773593
0.7119729202576226,0.465072739276145,0.049547303879806874
0.26615975504571177,0.10670211242245409,0.07349583817402057
0.08971920296968128,0.39306458239981135,0.886654025417879
0.38454446470300696,0.9369230401704663,0.7362522785361911
0.05041360566887665,0.16981083980656353,0.861557726431765
0.5707688647706962,0.6724472919224047,0.31780319313265093
0.044749936307730054,0.0571301467961538,0.7141465278790553
0.7109822082879187,0.9386882414551391,0.346582455465376
0.9130610129530562,0.8644657511164913,0.12413300237679455
0.32309089021299986,0.12157660467176268,0.040465602424964824
0.2177386575706638,0.44588612526712046,0.6937124038100687
0.34411114692472144,0.5336535621515535,0.5394579545011415
0.07593321850786539,0.3176503514787753,0.8814947375058321
0.10540579688252638,0.4697297557083513,0.8890094965250669
0.4681181301216454,0.18336194363647695,0.017199287884361855
0.2071638630139071,0.49570616630531183,0.7468513810491646
0.2673548533147535,0.19352459717552362,0.24514980015537088
0.5923893928497951,0.46400922930032984,0.12393907395570714
0.0031370585615323465,0.6660688616714036,0.9985312087658625
0.22033442784390145,0.5391404445164234,0.7516289116697153
0.688512584869202,0.8496561107894695,0.31101698584291576
0.4344670531061352,0.9983504814605286,0.7085537861181749
0.47637816014060796,0.18993890538913882,0.017639525622842267
0.5267760927047985,0.39350361053526894,0.1274270020129991
0.1658316737747454,0.3957289324497175,0.7548855200373001
0.9096744812830904,0.4826458813040536,0.008863789553831188
0.07272574488147587,0.4096419099963905,0.9164957399128321
0.7307406604482822,0.29605291438869696,0.003907713604929623
0.7624637575111464,0.6853492237271603,0.13275687722613372
0.21808128828660023,0.36400708991680086,0.6197439576109004
0.9089524108780135,0.27455742038191966,8.570363573791015e-05
0.7958183491634007,0.39444618968896183,0.009612102480774437
0.4175501582765859,0.3640767242893699,0.23047256923672702
0.3615502045881942,0.8059924650743641,0.7009514242129814
0.5956275973475521,0.11737417329564259,3.093922216245703e-05
0.026251595553655305,0.7915673559657461,0.9899555934314566
0.7638186712616533,0.30255657056848884,0.0027356172129772397
0.3388471005725133,0.6791088131620259,0.6584771559766074
0.8751844438314096,0.3858905834248534,0.003064149230571181
0.8849573373134674,0.21161339418788117,6.675442735591782e-06
0.1783622979266899,0.13376567775838877,0.3425163174311909
0.062281187690064965,0.9014493881451093,0.9786570683813037
0.6840697390001432,0.254322051067282,0.0029903860992893674
0.4987907497423967,0.0950547365992842,9.910840585957522e-05
0.9366267108951465,0.42046341104399376,0.0025311503955458936
0.14170314333295175,0.529477417364118,0.8607046734785222
0.9417960697784,0.5057946846915673,0.008406067972600684
0.12380126451785645,0.9090204571009433,0.9497096654599109
0.1869551168661081,0.6728019406104446,0.8542424041636142
0.8923004035317192,0.8510067175450474,0.1308648636698442
0.1655285698098904,0.3363635583931699,0.7085942413068903
0.7818371192490317,0.05623150775381203,3.9782301556101846e-17
0.8106585504012963,0.24743442024867457,0.0002268531000597394
0.34950835554031545,0.750140739779324,0.68626844034354
0.6385626701699423,0.8710858159104898,0.38414774459040363
0.5228135510225406,0.3204959874715919,0.07251283756524916
0.014829163380929322,0.20190354418381096,0.9687565741297451
0.026999762777528025,0.28394850322248544,0.9584568869798402
0.7254708191200806,0.4742478058037096,0.047740540197596305
0.23922648423222792,0.9950786767251514,0.8886155385950709
0.23245330212391446,0.6328221521004304,0.782834033227611
0.5842730470939135,0.5027825574125219,0.16146764154345095
0.2470189806639449,0.15322260223765682,0.20560375993090996
0.8399791039799924,0.6243935699640996,0.059067845304199
0.02937575781009849,0.45342201812101024,0.9739747078302102
0.9403368162290637,0.9319548656627851,0.1387220268471747
0.24238818809010954,0.8485939724365443,0.8507836697213906
0.6768533297274982,0.6798768530733448,0.20286640948424758
0.2585006915526211,0.4133594195175513,0.5853025328280813
0.6432923262365392,0.13287834696251366,2.5822044400865435e-05
0.6391121027962157,0.43677516266978134,0.07224985960457347
0.8895488899654711,0.10596354159871058,9.933592230034077e-12
0.5623871427881628,0.9107634698250113,0.505812740605344
0.38325947597272636,0.7076542685841102,0.612579039599138
0.6771454458036346,0.4360603940290999,0.052090049378068264
0.5730095812415499,0.5596791380677755,0.22057950645734747
0.3571258615435169,0.9385960135915324,0.7665840629084019
0.8596943866041056,0.37374932867109734,0.0030124281826770095
0.9295725879521584,0.7959573798525493,0.08510213213200386
0.5717858333280261,0.6510143372489755,0.2988255504879946
0.15449124619575572,0.20856830759392042,0.5829079237060439
0.32313124636140644,0.34857338828837425,0.37628589742436386
0.4174930789893061,0.3659625283443111,0.23277711970281975
0.3127150066824843,0.9262796262330626,0.8073942441918512
0.9933481065878842,0.7629121402494577,0.04824527713961104
0.06204512594012812,0.3226444969159574,0.9082653420958956
0.49105549069454524,0.04231403410100587,1.4456708817802306e-09
0.6701807050490044,0.618477674185985,0.16595237015224612
0.4949331812898189,0.9091558985369691,0.5900003953090123
0.9426752655531472,0.09262820259974158,6.284740561024796e-15
0.8848309303783037,0.48466501970816533,0.011809744799284556
0.9972567209385225,0.44024455692739806,0.0016212146183543397
0.5578291049991921,0.07000504662811324,1.617035733449649e-07
0.7877568629143763,0.29521487995125517,0.001564009091247336
0.21137842738469215,0.9369666970886693,0.8975102719907633
0.056499281640070786,0.7802695347158205,0.9755612473770109
0.18435057977244074,0.6957752997762781,0.8640699374334522
0.16681876249432592,0.6986108632580024,0.8826985044785803
0.6900716087249543,0.22618360314926467,0.001158444029616965
0.33418887202195535,0.22333926982611574,0.17155777508745446
0.4991690398168792,0.2859495297296819,0.06348956798736638
0.44872830853545054,0.6430938482795244,0.4651059604698919
0.7239183671951793,0.3044779075122723,0.005171221965397005
0.3028876558078115,0.9505390185620708,0.8246627894997983
0.899506742651317,0.16917734429443887,1.4590160771932845e-07
0.027049171310879472,0.505618996414183,0.9794494834609558
0.7159075232340488,0.5172784094004916,0.07157114377379452
0.1962598074138997,0.08088423463502914,0.12823524168938844
0.24736938533191288,0.2329979125243462,0.36682744109351245
0.9516951900740533,0.21619515969143122,1.4319039985242595e-06
0.6589809060521047,0.1244413762738753,6.999017844418209e-06
0.5250549634011198,0.38473669791561427,0.12159209705204
0.4964283015949862,0.7041061484719796,0.44504694513782767
0.9708492223210606,0.5611212887733562,0.011795774593924476
0.5759398741964561,0.5815987258922155,0.2356255162574698
0.5905887558906858,0.9709052393462685,0.5093945007313067
0.6437732838213367,0.9350932559022138,0.42179416188067764
0.17697661663798536,0.11201992978843145,0.2825336714644947
0.6747276239405952,0.1390042380311317,1.5954587680080933e-05
0.6500919265718312,0.35651443528147564,0.029737640617363566
0.1692547300436119,0.9623054681223471,0.92969838604003
0.9844138972092048,0.22999109079815516,1.4548951482866402e-06
0.8681321876759812,0.03104131229059437,1.5391668609303718e-37
0.617870192232842,0.5480334085092367,0.16377277705529628
0.3880158496524556,0.745890081263315,0.6308693463063264
0.816507038518316,0.6025343466881229,0.0606306497692103
0.33558598936598183,0.7494041574837524,0.7044296381726886
0.6547036408571513,0.4107947808383682,0.05062201749033792
0.14103891860128448,0.5471475106292653,0.8675603099830542
0.24917865742440426,0.4275563080549244,0.6176616572652505
0.9670147741734161,0.32436262022037676,0.0001601955043159458
0.621645321967262,0.8554031969858168,0.3936417879095991
0.16574998625853343,0.494767590492882,0.8123541207398265
0.28310101281493383,0.23623379237832354,0.2896232647624699
0.12795668335573795,0.3298666247057558,0.7846914956584056
0.5758934480546988,0.23798735306947372,0.01122977110625815
0.5361769552302651,0.6656946720067807,0.35790471317549405
0.13761045604652689,0.42957137861386907,0.8252053413253198
0.3441530158166962,0.5417313698683287,0.5465580881866811
0.9853078036599232,0.3950797371017546,0.0007730219810174821
0.19469264053249447,0.48966365770343656,0.7638025963212315
0.0692908114843972,0.26899911438237534,0.8727442682253949
0.7421876902264783,0.4488809494125633,0.03262609283587521
0.9346569379697705,0.12480040318989905,6.07384574860101e-11
0.2732140981072063,0.7022389914446489,0.7620110755593343
0.10935604915197106,0.7177418549570009,0.9365278543822612
0.36047056822037915,0.9135015550314877,0.7527464130999547
0.38346297279542496,0.4550296300088492,0.39164617137715185
0.7559843714495568,0.3358690226026755,0.006080840854843144
0.8512806397937377,0.9285454927210468,0.2027933826092747
0.34573838150993796,0.8495734427564634,0.7415064062934277
0.7462016355697187,0.647473903750071,0.12274582772811517
0.546719417645026,0.7500952923739006,0.41169503942954006
0.29513090279877496,0.8999033186692393,0.8158495164772465
0.36929943804088683,0.9913553819783059,0.7743230325282932
0.46211245422919156,0.7922658854929197,0.5586458786513736
0.11367012542082888,0.15005704426244804,0.6147065619261578
0.966140943334579,0.4897613246981004,0.005225362914847123
0.5514860341287473,0.5000564085074622,0.19403094355584125
0.8979559870926909,0.6621444570407707,0.04993758649662221
0.8509023131764928,0.3110792841233403,0.0008342572736324194
0.7915237526516392,0.08411210268505864,7.686523783914406e-12
0.8449039023950334,0.3471217637228763,0.0021737483442066984
0.3707924679082245,0.2557553177489693,0.1627772388653004
0.8399321430334407,0.8628386429425277,0.1747420856152252
0.3196078230625268,0.4021135630460828,0.45013972936269886
0.06091692765631007,0.4467358638734459,0.9393799971210848
0.6711934491817397,0.04196764586732982,4.4295104396815905e-17
0.9175077919955795,0.7010435453664218,0.055533190072061346
0.7553770646635662,0.12476043556826277,1.9413655126051374e-07
0.5319931639886974,0.5337735808034547,0.24755118416358013
0.8113948115935757,0.29429105804830813,0.0010291928459322671
0.6985002718299591,0.8948075746647604,0.33097528057756176
0.1614360416398476,0.9527007666208559,0.9331243351036874
0.036792867544057195,0.9497114418907266,0.9894506448964121
0.6214906203613512,0.008794730594960831,6.929443949882788e-68
0.8208488929750511,0.8634011417394659,0.1905330676101469
0.10511378695725992,0.0764392247243465,0.43863108263155004
0.0061462740492596035,0.3129671351713561,0.9920759931948268
0.9375231285264104,0.49218269686171257,0.007411596550329807
0.07766315254513101,0.22212290210639873,0.823568927733315
0.4897318023420165,0.7992691786063228,0.5256827900091995
0.9240666090185266,0.2993817494514691,0.00015740315881785107
0.6726508319538413,0.8093548111232353,0.30033874330754945
0.8033172571097739,0.3075805566084795,0.0016603112237173053
0.5869166700001738,0.5151219676245495,0.16869428851982257
0.6431724759748018,0.4165164390880076,0.05904898213186278
0.944412202984813,0.3423761182593643,0.000405003560976851
0.6122571683885579,0.442723852676549,0.09337753772259838
0.3166805410942438,0.517125588053544,0.572777403971038
0.4745437375876317,0.8910260506258505,0.6049382273764744
0.7812387091103992,0.15737718737657236,2.5520702277710013e-06
0.5092572750046153,0.6506176607335947,0.382515439062692
0.37492464421676797,0.7207660688925075,0.633243345876816
0.4341877522502833,0.9167991447333258,0.6692305031252369
0.9043613374503732,0.5593070171184872,0.021426463174343564
0.052043510148950034,0.615130234859165,0.9676603819984605
0.7618808644043604,0.6346640418468579,0.10494092637986606
0.40030813848488556,0.9716542656190125,0.7340353275125007
0.15655229487565403,0.7340160871353204,0.9005651007522102
0.681869992902295,0.27666524662717085,0.005314720799174776
0.9479892815281067,0.17664843894067417,5.739353247020637e-08
0.35115657300048886,0.372965029544276,0.3537375434939418
0.2545638811315951,0.9200674182328712,0.8592786726016433
0.9488282495311339,0.900923136250238,0.11918974546143499
0.43505425657475116,0.9887740231662805,0.7035274841395682
0.3932103986064037,0.8317296100678399,0.6745146825405658
0.6249184270049547,0.658215258658936,0.2413270072573038
0.23118289443065476,0.727997342089093,0.8235976048350601
0.10940654031787123,0.31957791218172704,0.8165815410854732
0.12561370318895904,0.7309471158673752,0.9259270911550868
0.7826033163200186,0.7394456609028155,0.14890143952146628
0.26650548185747147,0.5771998799225058,0.7025505773681574
0.16083798388308057,0.9517258061871675,0.9333554906641686
0.778042653225916,0.7039275890451433,0.13198145657226942
0.07040011966533266,0.48647520547106093,0.9356105889424667
0.4224084813676563,0.4175158475827889,0.2846718202854231
0.5173217607244017,0.8247935194961745,0.5062664466337757
0.8187245658108675,0.2006637133429643,1.980033969820894e-05
0.04966011371870671,0.8070790450613252,0.9801503394763227
0.3859298481465592,0.9817454349107048,0.75354392248193
0.21176573497108342,0.6200739345155181,0.8045468105176155
0.9569986976491239,0.15240853214358074,2.2148383211905484e-09
0.04768252277552543,0.09125083614602914,0.7816873406036776
0.4106006208234786,0.04725921186807902,2.355621617910335e-06
0.9199797775645956,0.2015231320364561,1.2489587336496238e-06
0.06010532924726508,0.08396320005655467,0.7017900233507048
0.8558296421213046,0.27840654715483726,0.000284279548787584
0.6911520211642446,0.15840185705483356,4.288121813822209e-05
0.8809970218356911,0.23193524982873526,2.3488782471770452e-05
0.8792916285429072,0.08868195102721466,1.1328096329749268e-13
0.4147142980238039,0.6928224019148826,0.5557838533147368
0.6516067537907414,0.6723630873532087,0.22313624724409611
0.8918028393059,0.39740534108923065,0.003027541852361419
0.19349763706935486,0.16813376875318353,0.3820755027647635
0.8998889875596684,0.43656913228960936,0.005228378018546183
0.21136439132087326,0.0003956409724682475,1.364835224129435e-173
0.6730360930558382,0.17123018150881641,0.00015478737283283989
0.15466738713308303,0.7623435791834788,0.9079357011485699
0.46091171721764523,0.21225857758744904,0.03501765720623475
0.016366147508995676,0.4128953022059957,0.9843274521870076
0.9569395060364194,0.528582514590473,0.009436564799374474
0.6314998532874461,0.34737746939716985,0.03244451917748402
0.551357174479503,0.5753621535766013,0.260157545295085
0.5621161522238038,0.10224445847203079,2.174192063617146e-05
0.5407498036125418,0.11925784397550387,0.00020706067979290893
0.2141208208361316,0.3953824489209885,0.6585266779960981
0.057395837749518064,0.09491227284348946,0.7408762929894628
0.9298821655214988,0.3775061007120406,0.0011970939052416865
0.21496575450170474,0.15073386487637208,0.27850398039440266
0.10073420197281979,0.6402244014024939,0.9319262634401502
0.8868564174002537,0.2560499151753691,6.405915219637416e-05
0.2615002350658471,0.41090657600896774,0.5767459372322739
0.5909223488891377,0.3775921119881812,0.06632737805119085
0.056640323632419554,0.07586404781710088,0.6989875093301516
0.1273645174092658,0.08982586000054493,0.38981329302915374
0.6935537321440809,0.7925601529280226,0.26551483963454037
0.14754837092014006,0.9329828961144567,0.9388713809977657
0.6949751855538747,0.5894175999366918,0.12590272696442145
0.23934290813042713,0.25367331879663146,0.4225592977760506
0.1119116105004273,0.8764440555942157,0.9531267378394849
0.8001642367707178,0.43026426444527566,0.014854403951782977
0.442509557081358,0.17315322881130102,0.020319751900720807
0.48406811359918134,0.18477138424050155,0.013704921272743437
0.029557119678566002,0.6722035388342653,0.9850801654923904
0.6205593091976883,0.16375894484757514,0.000382817786490497
0.7632292912282682,0.32603117748687394,0.0045603672401486215
0.5673976494712991,0.8453519272336764,0.4549215676346008
0.4406026104785763,0.0490442583556856,6.3346307532172e-07
0.2991835143290619,0.023272499526516666,5.917790049939397e-07
0.5377938011776603,0.8489542562581933,0.495938170213996
0.5465606147650898,0.9336781224616874,0.5403016281712046
0.37894187839678506,0.38408669421748853,0.3173801032066718
0.6007694749295514,0.782069834032457,0.3659076951669501
0.12352966552128075,0.6708681500651503,0.9172271711802467
0.36545532111048395,0.37126603079820475,0.32537012742494714
0.7181528825556257,0.6767847936574392,0.16275130983369346
0.2324315657067354,0.43887832458582143,0.6602900128852103
0.9526915905597154,0.16382260791824121,1.159919008677081e-08
0.3456232372324587,0.4343872239575344,0.43717983018727585
0.4422076265437582,0.6328431154991595,0.46637966364507405
0.586053923198959,0.2992064857162249,0.028673427886509457
0.8095961025143755,0.4690304615695776,0.02109553234196756
0.9808433476636456,0.03804201886107572,6.481869590044863e-39
0.30454630962875195,0.06568884449347367,0.004608740636095479
0.04270357535412139,0.06193456472238679,0.7426225788253034
0.16375446051495013,0.8407225770806085,0.9150603798271534
0.6892332676600517,0.6867486010038955,0.19566034101962798
0.45208930092823896,0.0750491462607582,5.794208171009453e-05
0.023694204336584535,0.4250223201297513,0.9775936843480533
0.847768060861506,0.9044966216197311,0.19199728392052126
0.9952456138501388,0.6718684452206934,0.02585421076263593
0.9680752176102634,0.3565917654968015,0.00039960121136615773
0.17282688928705492,0.42635092919278494,0.7624155139520495
0.5413881322831491,0.42404742367180104,0.13920514905926723
0.1333532890964395,0.33178499436416176,0.7746755604954747
0.4560993679445501,0.5169647328829104,0.33768849611583107
0.03882590158213084,0.5651119987379819,0.9737948760319661
0.6181182655857094,0.8195712747570759,0.3721501625161244
0.6122606717621885,0.3504150343399022,0.041089462942547936
0.08841747198725036,0.2764617792302496,0.8348733401473394
0.6455973007730587,0.3841577831151637,0.042459183442748794
0.5429041716222496,0.3329220863476364,0.06771660423286144
0.9424711591927659,0.9589319115543515,0.15024398412712248
0.009421606810630534,0.05951215731425952,0.9455980228104975
0.6307584211243589,0.5080133173293829,0.12326161835468233
0.43291476511703775,0.26886750920554503,0.10314996938830556
0.4986397931209178,0.3200301736798896,0.09053201292301698
0.09341477016247457,0.09671710116819421,0.569748634349922
0.013901196438897534,0.17297952900546942,0.9661366890996751
0.5140346426440394,0.4483247444866326,0.19059493595232965
0.6324865508786806,0.897461953590076,0.4098401848859326
0.516492290267479,0.794748635949413,0.48607322751136756
0.16760119889889458,0.8510990215973159,0.9140014568948419
0.4758869085489106,0.6469005189611882,0.4276534871095021
0.06868381252889433,0.8957823064599385,0.975708721952233
0.5926612527093397,0.033594980253560336,9.118964475425416e-17
0.4450268674329245,0.7831729117043639,0.576017754067655
0.620905548889907,0.5615522896938143,0.17105834974064724
0.46163220225257284,0.20891388554464563,0.032632742714906134
0.527379190041551,0.6742621159670084,0.37712476214629576
0.7006751252310272,0.33895010673230586,0.013066253997702393
0.9737537950462192,0.6985321441888821,0.03686037084556593
0.26681028441294186,0.8514369796090681,0.8280156526001194
0.09452559883995004,0.04625283667582225,0.33308921165882205
0.8366678719951925,0.6499431912203549,0.07061596396083131
0.9021327494220114,0.46647804335913556,0.007800213543005393
0.5485522137781389,0.6625918803371817,0.33865019198131274
0.10876534304933994,0.7392523909815989,0.9398781868132953
0.9335764180628257,0.0832986807177779,2.803908650360954e-16
0.3239673838099876,0.841233381499471,0.7629999613270503
0.6421849570886661,0.8130326533053616,0.3382493701112916
0.6807982255891661,0.32938923014539356,0.014376368898147744
0.6606689528999086,0.8870093639314429,0.3689595319265481
0.7073525226922445,0.2660595418804693,0.0027611681402958063
0.38268876045111555,0.07932680490234856,0.001164942996015103
0.12324016080322076,0.608505317565834,0.9046248688246374
0.10733488953886527,0.054978209414972334,0.3196649266240796
0.016084789030369917,0.34709257203720745,0.9809796797195139
0.7112494352863695,0.4427598876001575,0.04087764048519948
0.2929505654099165,0.09816008181568892,0.03478013893199661
0.5331757386945111,0.20438237782084212,0.010018275310065671
0.5256804242237237,0.6396583237516196,0.35016569423013755
0.4983688006247997,0.07005804351427192,3.4074612337074604e-06
0.29403484174743755,0.9177245687670007,0.8227108181232616
0.6391244831510782,0.9029413848878735,0.4055882160464131
0.9439912733572687,0.8858056116653745,0.11529827771952539
0.8599965820187311,0.7574043782993228,0.10588117130010963
0.5682446081988322,0.8708448783701657,0.4716027048074582
0.9832396301970165,0.1834439844557466,3.349465783896653e-08
0.8583892061289607,0.9755388893773544,0.22368623072743468
0.09979199793821725,0.7691838483932452,0.949600347411723
0.8865763487175412,0.2871767077518581,0.00021273573064596281
0.7439876964116359,0.9468598264682575,0.3161649482378733
0.6384273760183451,0.2958594368147289,0.014227075598079989
0.23437824546493347,0.7373093047097834,0.8233649635878167
0.693913925146457,0.28299704787502533,0.0050974748752845795
0.15110773075746398,0.7521461173481622,0.908931406221285
0.4613460715799941,0.06174331712733949,4.303709065600775e-06
0.43584599501185883,0.3980841271003229,0.24236393091604155
0.7778942222557522,0.6602729711015972,0.10820514048966424
0.22329763012235693,0.2017707000443526,0.36959279233118253
0.6445884633285317,0.49786301056098714,0.10572006230150724
0.06288896894050966,0.997193593703829,0.9820952983996065
0.36297425000721784,0.2908540863100879,0.2230478563033865
0.397490963805439,0.125558099711369,0.0109817427433688
0.6708908099267835,0.8719251746269523,0.34656297195951963
0.27393299710950214,0.2032365178919463,0.2495743963331546
0.38658403530610064,0.7177026245239908,0.614530716444596
0.5333220481952345,0.6317318966132549,0.33289121176355624
0.9924423978035231,0.19672901494166772,8.818439770212987e-08
0.9051130132365179,0.5387077196470192,0.01744963535667669
0.7724367600374723,0.4962298440863695,0.03857223717636052
0.8078132074471137,0.45580428366264614,0.01856909530152573
0.31050804000014065,0.23766017301403652,0.2361340256405481
0.17643412917283807,0.16287286499986042,0.42303470359994666
0.21268625101399286,0.26424917894433997,0.5074972641426724
0.9164841669915488,0.46919796917501055,0.006894176402066633
0.4711186015203743,0.35704850422421663,0.15196511331074836
0.6574973968713981,0.7779462852642728,0.2947842837773491
0.8863690889893266,0.676998865010126,0.059343089405952655
0.045236033726258285,0.9409082010572426,0.9864317436368301
0.3776537904287004,0.3245471730868006,0.24408189975951577
0.4830199735863122,0.5602285505572755,0.33931615064416426
0.976309304868462,0.9640484118507234,0.13095697058761496
0.04429407368629301,0.3929843360765538,0.950691616503374
0.5631032062667285,0.795042752656911,0.4240467285232837
0.8660079749924862,0.626002551864849,0.049514850612063156
0.3111320205481729,0.7113949579375041,0.7165292721179487
0.08196063168261869,0.9862642589878753,0.97469909525399
0.19561171030995228,0.05811116343495659,0.060653410421660746
0.49888852187992083,0.7847285182331731,0.502845527923469
0.945218973226442,0.07962367282872007,1.996788940167305e-17
0.5649939960881706,0.9479000801369714,0.5263311628111923
0.628653168524505,0.6795001105532318,0.2535918236408896
0.1361803308752515,0.8995573233964583,0.9416428178489222
0.334162747402756,0.009295614779867178,1.5117410218593239e-19
0.20273932493531743,0.6433858467817594,0.8255214870980911
0.9055489159772651,0.04139192127278357,1.18947636964372e-30
0.34051650713780457,0.6179325845724887,0.613962905171155
0.7124181619214662,0.5655031003602413,0.09921786604544006
0.31493718883174426,0.31412306770356835,0.345335360972241
0.2604122554455738,0.13635769176740897,0.14163544031010988
0.7890103531835305,0.8683149331049103,0.22129387954666663
0.4100774483956514,0.033925624280856215,1.5726355829949357e-08
0.14064693425300423,0.3415123544450611,0.7664483913602403
0.8325405208122932,0.3819369509985252,0.005009978473097203
0.9417728193530855,0.3753695503796177,0.0009561946290070905
0.06321070891052782,0.009133569836636823,0.09941055264082256
0.23067270530721773,0.511206901565431,0.7175814663071126
0.013185879687391822,0.43587765519740973,0.9883418188695948
0.5214017949596313,0.38748032386676357,0.12742229363332463
0.7676401679919879,0.5194572766732979,0.04862772959481202
0.7537237684268434,0.45444423768082276,0.030951466848549596
0.2775763539548485,0.41450413412383313,0.5479790574712536
0.8006090506481712,0.5852373120671086,0.060690530277995036
0.8384488476410953,0.3888939108930378,0.005224570725977453
0.1811736257341433,0.7673977466708978,0.8860215922976935
0.05610605248488432,0.32584001977104193,0.9193038514326717
0.9580192967820617,0.7295882074150036,0.05014336097095825
0.5970088093920348,0.024110448843237875,2.082613665026521e-23
0.16037848120616793,0.3343571465464621,0.7182042268007681
0.8914803527764316,0.6466813158850702,0.04726401884204142
0.1423175841361244,0.6281609208840204,0.8896069408569316
0.6684955403782281,0.8358359671396963,0.3239307364914497
0.4571496842594156,0.31575465759958465,0.12579596395078352
0.46965013068726436,0.7959423565124074,0.5508202434159141
0.7687745543339829,0.20299358492284814,7.947663127383702e-05
0.9110111302877654,0.20712779650965218,2.4207911791973693e-06
0.9555340729725719,0.23187612042638983,3.5622516181801324e-06
0.06572040314222749,0.1420328594053778,0.7818281455033069
0.9610929429470102,0.7582654355806026,0.05797136033576877
0.9896371639772996,0.3915093323742045,0.0006683757431582488
0.11845825016870926,0.7949174123299806,0.9402523597288036
0.9048757456896449,0.8803406274277115,0.13699766792010062
0.31513638148453793,0.7705794497846012,0.7415484368347359
0.9778163024223994,0.2868823385847261,3.312921922324246e-05
0.8021949976554733,0.9059947847649749,0.23244382770133293
0.6139372105197927,0.7734027589542953,0.34301377598798305
0.6085437519454533,0.7735352027580716,0.34976978419720245
0.33470362203934334,0.6505996819933739,0.6459282027319954
0.3959449061238378,0.8241256650050818,0.6668204137424595
0.7594788013980448,0.1747540365164496,1.899686012795665e-05
0.35162995836068556,0.8992539195645608,0.7564928610465619
0.8031433345921705,0.9537945683644347,0.26094369603686857
0.2272250033037414,0.7356477478320722,0.830706018601156
0.48584475479682465,0.9166068962291725,0.6057816516452716
0.4827852037009731,0.2650758630348765,0.05893721603015926
0.8089364285489697,0.7794769172448356,0.15173338642619588
0.27424801377688746,0.14090283330518838,0.1269807488377238
0.558829973712977,0.7921675696118023,0.4275242804252513
0.04954872249379916,0.46307226075432406,0.9545151118387252
0.8974457816726461,0.6579311248208,0.048768498979207826
0.6709379141518013,0.1768420928741301,0.00022093017628109854
0.44602545011733286,0.15215499722961134,0.010567504853658712
0.9147489381722368,0.2457168702295921,2.1088280339607064e-05
0.6197296024188761,0.754925374614705,0.32196007047398556
0.9727257652808549,0.22190410936418858,1.1715370272392126e-06
0.3670886440887349,0.3041334731581683,0.23440352050944066
0.7073564461609466,0.47785600196617606,0.057182023900463466
0.719045165016676,0.0328278912735791,1.0417164780209779e-24
0.14885954382378364,0.6852590692365084,0.8968771753643618
0.10997686571493936,0.5543292931912205,0.9061486455785948
0.02529165248125398,0.40534119548817227,0.9744735619980556
0.13054073662595822,0.5818053606496364,0.8902583006641823
0.03177792667862034,0.5106617434742637,0.9758155442423981
0.8125615452976748,0.4088687289906692,0.009734521368982504
0.22886483327425255,0.9610087624518728,0.8893435788742169
0.9884772897195523,0.9003994781049542,0.09723007581453592
0.4679035856447593,0.34457623947483573,0.14305592457460403
0.23574871494802474,0.708896964550818,0.811179232748287
0.19907383858948446,0.3236683494631223,0.6191441771971243
0.35469563016999095,0.30403592352769493,0.25546942242791776
0.19687659477243435,0.48912189207384016,0.7598838870467038
0.1540819442768222,0.6435542005661131,0.8812531015522596
0.1994498035577409,0.439131589703323,0.7225507620176976
0.8075518719505737,0.39534042125573765,0.008472859314202769
0.29288913719874965,0.19222514776399235,0.19095747948128694
0.0638606218699127,0.9622614028878628,0.9804920418999662
0.8464649409891045,0.45494138043506294,0.012315720772460445
0.8411525013543751,0.2705824011598559,0.0002881920383378056
0.27704710283066736,0.9612266858943974,0.850801699639587
0.5715835157603245,0.6241365781339361,0.27665737376866356
0.7989884296445661,0.45009093018370383,0.019028822627148657
0.39621458648210617,0.8873678299000195,0.6997681578192856
0.5718796996600204,0.5740993880924671,0.2340862968056026
0.28351905801617905,0.46183382526566585,0.5833097913714066
0.39327418557886207,0.6150332374098942,0.5278986720001033
0.6049769783797443,0.47130185840873573,0.1186315321296544
0.7013482380124119,0.7548804051435508,0.2310854754686001
0.5452166599642219,0.13619144207829315,0.0005618199374317422
0.29752929832315944,0.03353223353961754,4.736395978335738e-05
0.44989521855513626,0.9267757719271912,0.6555715256300924
0.3733738052486093,0.4903534083406905,0.44669883808641675
0.9922379290888591,0.3668008852051965,0.00035101662640829194
0.8038734616775337,0.014223703708559965,6.422870487988696e-70
0.5701272198266282,0.6977097664980396,0.3392002593769551
0.2108120789330733,0.8863805494934619,0.887648743975166
0.016360221000006447,0.36049892265242345,0.9814891017181185
0.3392356525706617,0.4085367742151942,0.4196518664402438
0.7341682208141207,0.3994253616828821,0.020517847461413635
0.2697344353873622,0.7365928016707137,0.7819008832134913
0.5624197513042892,0.2964103724010959,0.036251286090421206
0.9938300481654875,0.45601901715019066,0.0022365793341595636
0.4389761455478802,0.28893975412108397,0.11768180998724917
0.05164787676119831,0.480361979305153,0.9545477434294714
0.7728019454695331,0.013654419521448857,2.2045841095632933e-67
0.5623226626367807,0.13589718454416366,0.0003498076478958992
0.7216300792759534,0.08878429217422834,1.7154788091542345e-09
0.9341307057274852,0.06279445345183587,1.505046917453562e-21
0.0012458210481492982,0.6990152824579081,0.9994630213291577
0.6260709168379164,0.9988453583742629,0.4842526183333699
0.9778135286736139,0.37931084447120267,0.0006033974724519636
0.7762827228885946,0.11947506074406256,3.8593073130526705e-08
0.1770031706384022,0.5561676297279279,0.8237422949705061
0.25575593319287293,0.1807545817481938,0.2452825212393236
0.15522204781688187,0.10804772727482193,0.3442199644388907
0.26813520922562595,0.4475174778154478,0.599307997300253
0.11986637274913248,0.018154497812888026,0.027921936683169894
0.5043305482584969,0.952611523314165,0.6037740292808098
0.24951243516733623,0.5339289589858092,0.701468980137393
0.4771781607737464,0.4017914902838958,0.190056578097499
0.3931175553496852,0.00033413800590043063,0.0
0.6993211274121096,0.18808769257052493,0.0001978042490708457
0.05502992166473786,0.7356857823160169,0.9738881174619729
0.2018757738206921,0.7720898690192044,0.8679386009607768
0.22750707686761495,0.4007124915902954,0.6360621910877866
0.9058288453021868,0.40162670132578804,0.0027118199515810543
0.640133353948343,0.2604336657413705,0.006972244108910297
0.03724844052589127,0.7888931078923098,0.9851344323424375
0.8512852750449348,0.7578112471917733,0.11133377881794504
0.1507893268989987,0.13700031556547065,0.4462939325327589
0.1903483658034305,0.17941926010268006,0.41686965827184536
0.28441975056965185,0.2350090822976303,0.28464585248870194
0.49365348793046726,0.19130259614477518,0.013798566804373049
0.9146698145504079,0.338942470510359,0.0006059906727410988
0.043732069366266724,0.514083591165619,0.9657456659254805
0.7388603765103388,0.40370938032072745,0.020568609169500016
0.7157667076276095,0.20627864221659875,0.0003171816566054091
0.16228477557192755,0.5051273498093188,0.8223570767329547
0.6895522564458945,0.15130301848939554,2.6978899529374464e-05
0.24882375379151989,0.3122015180429746,0.48781019809978865
0.5630279613207796,0.36060984925353146,0.07307230143298969
0.09782519593076544,0.5950820357422443,0.9269584375747549
0.5000284390048051,0.607444272833924,0.35796027260290136
0.8032134325338093,0.2753126769059685,0.0006848460578774182
0.003148477738008637,0.28770231873585783,0.9955854441670261
0.2842324616045663,0.021353285085096818,7.062023444670734e-07
0.7058735064449299,0.6241818788372284,0.13925091777447188
0.31006884559022196,0.5967846908185156,0.6469057276877039
0.21746286886736754,0.29102773425265926,0.5340500083767993
0.9137950683525741,0.3964677124107816,0.0022122332813507705
0.4798416058783255,0.5836022636678975,0.36572152378839645
0.2525867874208402,0.038804558100181685,0.00162757934786957
0.9311351225463776,0.7611872383095883,0.07105369565011457
0.08974440547315077,0.6901714519793135,0.9476119712280062
0.7585087725785732,0.29700106212898936,0.002608972070606239
0.21073951833552507,0.7606761026109394,0.8560354875271755
0.8477261050454149,0.1721176664853239,1.0858420263234984e-06
0.04342391690593739,0.15673013370697986,0.8739961696059765
0.19732436032079403,0.04785888160767082,0.032829758208713346
0.8041724130632599,0.44009337666480364,0.016055444554549034
0.4971102791910864,0.7928229832257977,0.511071089551799
0.29852607823658606,0.006171109558708365,2.4882666307128946e-23
0.2829631595995986,0.2915667197564348,0.37997701461457534
0.41999221829115774,0.3024268064598322,0.15467793623278547
0.6236955440527592,0.2715613684401563,0.011158788234281947
0.3610454414444949,0.17193022895303667,0.06678380519279116
0.17551614480025635,0.3208221032443789,0.6710820512768909
0.9577537017075418,0.07532613057307214,7.065514556975667e-19
0.747987207362912,0.3464939826801422,0.0081465268420746
0.7651364325690398,0.8064722976235392,0.20428868225777866
0.6064602947747947,0.7394828056923116,0.32632512774870504
0.4924148789212931,0.948528965353606,0.615962604434878
0.9896568212576102,0.3405397527639573,0.00017552624128746124
0.7288052990858412,0.8426338107281628,0.26304130908268203
0.9692259503496863,0.9166462973981282,0.11428454865869998
0.8973549560662507,0.5894178165318683,0.029573653571782148
0.008674305257134418,0.13750759880561703,0.9744128215976817
0.9602865440824916,0.12273021182067678,1.0647908672768975e-11
0.6852743861865536,0.3056017724542055,0.009072666214542231
0.4965299391238288,0.2882274715859754,0.06696059435096059
0.800187718972215,0.9340284943443184,0.25156585816414806
0.9289352851941499,0.22175297333915056,3.870004361777653e-06
0.5584936047590895,0.15554442712414618,0.001121140056229827
0.6246604111326682,0.7709397988259941,0.32810203220638334
0.3982022404200224,0.8418187877581462,0.6736826351390445
0.9120170219191536,0.7347245778248522,0.06961108108512556
0.4582436623179468,0.013054834572713614,1.301222746228185e-25
0.902322479437564,0.48113241737615386,0.009409308916530716
0.0030111891881374753,0.7726483781232085,0.9988914013405245
0.07865128979047975,0.7134778647145722,0.9578363334560644
0.4590744073600812,0.49852280130459237,0.3146906220949904
0.03287477615435874,0.8382750718989618,0.9883483109134815
0.7152946935899059,0.9151354713223799,0.3261315261918079
0.46232301437585765,0.6928311755530434,0.4853878386364922
0.9652573191066021,0.01946405453883593,2.166913910685353e-73
0.25233535594553846,0.1206648938196091,0.12225134299862395
0.14993325762401,0.6893856204960894,0.8967997118125522
0.555004509532399,0.4127913950701796,0.11732201688734914
0.13279581442175525,0.21916439240173768,0.6641016895225427
0.021365104094231424,0.708024309175905,0.9903340687374089
0.38477317351659013,0.619630595559352,0.545148146463614
0.04721546899946216,0.31278764193671793,0.9306560418526147
0.5586957787484056,0.5589351460387197,0.23683200140214283
0.9825920607722372,0.6786787675450611,0.030009927725024393
0.01281905446735132,0.8231708121619574,0.995617226372231
0.2408130983824487,0.11464354367582663,0.12930566643407623
0.6317860871488244,0.11393049466831073,6.10332989221783e-06
0.7150286064868533,0.35325688463325267,0.013651882463632317
0.35257281823873576,0.5371626407645046,0.5280091372202872
0.3907523003741027,0.4485782109110237,0.3718990628680351
0.5173919494108755,0.6009086776406107,0.32767857443783077
0.16023774015915693,0.7160387948962474,0.8932357324794531
0.36230021674576873,0.3741440403895361,0.3346870588078429
0.8235806014912294,0.19496557147072258,1.2220837745944403e-05
0.7989380691896972,0.235660995877496,0.00018112700564430246
0.3028983764341132,0.30518497745614204,0.35726708635502713
0.845659372976918,0.6782816158460596,0.0781172127052135
0.8500044929768401,0.8458713349619582,0.15765998848902557
0.11983623535224341,0.5950805389024133,0.905072949093307
0.7374466931469925,0.30160409301444435,0.0039917377530739664
0.04663573300719048,0.978875038019261,0.9869504321756848
0.039307536344423855,0.03956747961979312,0.6818943534478863
0.4321995001938137,0.40787796457631653,0.25875774848204575
0.24797943389669197,0.8919047806714964,0.8576287034626395
0.16158083636781195,0.8764409739425701,0.9223781739107165
0.7193671104508432,0.8341754571252024,0.26707689642153193
0.41852665466421735,0.22547010629043485,0.07298915505151489
0.3856993567727893,0.12938436763923944,0.015979954676282142
0.44557546500549705,0.3535683246558031,0.1794188073076231
0.955186856279658,0.5422159942063108,0.011203482553342697
0.7748520801064206,0.3361539283860515,0.004723933716188191
0.9136018628775403,0.5167358432621293,0.012752788384233618
0.2574424424988685,0.3914297829546789,0.564724782930076
0.5234149682784396,0.6806112115724856,0.38788615881317906
0.3402242887572814,0.6570336915923862,0.6419508706488801
0.5725444433941579,0.4481924293005388,0.12942522388236072
0.6104496511054182,0.30689632568779546,0.024003859618793075
0.4884250732732218,0.4611730481570283,0.23528604104544001
0.10194392790410567,0.4961812319268404,0.9009695569555183
0.39441692106022497,0.7267822846050507,0.6093623240363037
0.22886459511585167,0.8804279197542368,0.871339504342627
0.8388839629651756,0.24263128385343757,0.00010247629600599323
0.12323264469964579,0.6303934406283078,0.9094316301622657
0.8366592487689983,0.9380266709676368,0.22077466621846475
0.3186984123385237,0.7195155729542803,0.7107279366520916
0.48878421294650476,0.7000712365795674,0.45274869929625783
0.28865324581736207,0.13851826184830374,0.10071627779869599
0.9774669177538828,0.7685988795310068,0.05527858322705175
0.8923485017041148,0.24747236090245417,3.8590615727334375e-05
0.3694427460542018,0.17109564088509144,0.058669381758665214
0.6441439101025173,0.803376903988583,0.3288858863798509
0.2583878771611188,0.3325498193137827,0.493047544980795
0.9081735500628046,0.4825193628810255,0.00899340991336358
0.8773423275097395,0.32235873246055424,0.0007255685300668552
0.577510122259127,0.5293395716304463,0.1901463750245534
0.4538792858784235,0.40461725448123353,0.2237830953876446
0.9241619503180702,0.23414565007820975,9.119969968039125e-06
0.7791954465275507,0.9897180209728301,0.30697624697775017
0.6502852577435516,0.9773850439849042,0.441884617504603
0.13820878329452102,0.7157475921037392,0.9128817170974464
0.44496875952088344,0.18473219209291236,0.025580575703861713
0.9688754136919442,0.8707574582145077,0.09538627141850861
0.7930242381203104,0.13011775336672282,8.653213845669214e-08
0.770219307317675,0.3721175958658641,0.009333204391721313
0.3766829013195083,0.4806751366623333,0.43091595848607744
0.5074451759048937,0.9317551136713808,0.5878217081706392
0.6784080207512724,0.9620434574524775,0.3989854640202903
0.987123836572588,0.514043054009014,0.0057365150490191405
0.012692638927594535,0.7898190209497158,0.9953439511094004
0.07091463808487086,0.9931645353127045,0.9791293291029763
0.2846118109912342,0.32357912314043924,0.4227425304288467
0.3056940454128484,0.027803974628887285,3.5106143640118063e-06
0.22796647808498016,0.6982649557171631,0.8162480974277081
0.4816702311921245,0.8796443635383832,0.5889875892024233
0.38921391424746177,0.18453618719704257,0.056753830658486784
0.42801345183017514,0.6582687667035294,0.5090840996192451
0.805788759722134,0.4238635619407837,0.012883130962283247
0.7196728167873031,0.07485011596244717,3.97588140574964e-11
0.1472778700833629,0.5632818748206485,0.8651066718444657
0.9261127128887744,0.3447153736608515,0.0005836736579833566
0.13509533442844635,0.9346778627824668,0.9461085471204983
0.12433838134856878,0.7130364716207434,0.9240114311120609
0.8769388854962237,0.07612957431338241,8.3464569492176615e-16
0.4152334940933764,0.3963100755286423,0.2717272383745084
0.7804640581871829,0.38151988383141644,0.009519844297826699
0.6194277159098781,0.6148007768090217,0.21357466046694137
0.9658778156251919,0.025363409468795894,1.752067847995402e-56
0.7860771915365616,0.8647715220710328,0.22177573747764281
0.5658144213183958,0.5315576315670358,0.2049599729236039
0.8414433649684313,0.03640964572018934,3.4553853235161396e-30
0.6475477334883578,0.8288646736007865,0.34335359761886064
0.8898861909239277,0.34422607568192487,0.0010294595652094042
0.8567083124617236,0.8624071996588507,0.1616235727439349
0.8298867682825469,0.31682966216180175,0.0013648674628287528
0.887669236109157,0.8275379378894403,0.12243074290039427
0.7637373872457548,0.6189589542685264,0.09552619732568997
0.5077226466707003,0.8383724928016084,0.5283487063944466
0.30983779287615476,0.3342798414933549,0.38398659950786734
0.14058172310729633,0.4104125270631257,0.8102511683899508
0.39450453779334094,0.6463724223557072,0.5511095896460251
0.27528934578554465,0.4649345030766413,0.6016770389467965
0.7237205277761106,0.26999913552307453,0.0023346493616703146
0.8974655920453053,0.3681172712442362,0.0015752001413995812
0.274806260286955,0.8595203541794252,0.8226682540005231
0.460416393217446,0.04575440637603456,5.956078860796684e-08
0.9049249972449948,0.3717554077855666,0.0015262311287075948
0.8830837657028034,0.06450543475864878,7.501939079402216e-19
0.9793052776459814,0.953652768767686,0.1245446149337691
0.5282099797041694,0.12643527640412455,0.00048793074717374776
0.4633217572739654,0.2107967668682429,0.03300119325633479
0.1070416689530419,0.4251602625204548,0.871665265284322
0.7252743794168386,0.9982542258142508,0.36965906674382354
0.12722969899836656,0.8362729703813785,0.939627024065455
0.4625597121470144,0.1797236990354366,0.017215981745337956
0.5804791565765696,0.44665679851053997,0.12122262670623098
0.40016609745752496,0.5804734927872316,0.48720915096674844
0.5727064408093934,0.6440452084645883,0.29187922296904056
0.05434895124203343,0.18492764344397772,0.8607025062514566
0.8647908164686662,0.11165995968692533,1.414655303595188e-10
0.5289796474303617,0.7513838829796746,0.4367133819954142
0.8523028838888677,0.06402738548161291,9.397196193933127e-18
0.45025942385244333,0.4855939026661116,0.31484943073109695
0.9316632897250351,0.29370218373528056,0.00011127036754652429
0.3674509519942236,0.7147158040468907,0.6400067564958207
0.4118252095705366,0.5503201417525787,0.4405345249529143
0.3169172768213263,0.3800403787701413,0.4289798417826114
0.5207004994794124,0.008965343395776704,3.6020467015891336e-47
0.8887011867114984,0.36300226313774786,0.0016054911434042099
0.15666331503524267,0.04040702352176562,0.06605723097880405
0.8621481668700413,0.9655499674138907,0.21476127296347167
0.4589723480215565,0.8467877082978326,0.5981975960687999
0.16867046463308055,0.7042266163777355,0.8823088474098265
0.47972375333922035,0.4394626521132331,0.22507682812696186
0.17287376653460473,0.5972116666795402,0.8451488110760437
0.03805795289567504,0.35275929902491965,0.9526500582103299
0.23007722888663806,0.8675798013570741,0.8670836384513116
0.5328054800598117,0.18748128093977423,0.006336064079782572
0.1701953877968868,0.7639730131111382,0.8950145805044408
0.7716283989277758,0.18918145393837238,3.4277219560536504e-05
0.10710807246279153,0.2305804511544549,0.7512514112383434
0.07269913838466802,0.8735085991475485,0.972767555519197
0.36153996789521625,0.5941347004411637,0.561813294703027
0.909437290629632,0.22632993989527728,8.508722469601482e-06
0.6040434778937551,0.11844564514679556,2.576694450044299e-05
0.15893401996401635,0.8247066258376361,0.9159103374243037
0.3814171139295558,0.8372961102223085,0.692343276248784
0.8057405850137347,0.6802086211656829,0.10099407278679545
0.337340088130739,0.5233254859386149,0.5419474973177637
0.4499173748994827,0.9087173122447563,0.6457933025507627
0.5465750638748204,0.49521388266981536,0.19536563905691415
0.9593980831173329,0.2534904525384587,1.0784141553197343e-05
0.3961604496081659,0.16058565582317752,0.031776738728045546
0.6378846164047351,0.13462584666648536,3.539428265907134e-05
0.597055082535915,0.6938757665561845,0.30214744396487486
0.6612337998329677,0.9040810090338826,0.38006179535276136
0.6478909634990989,0.4868087138146633,0.09635621186753797
0.829551958495824,0.48216301989689747,0.019983075659929666
0.26273673180673307,0.033218309515862576,0.0003341563727777454
0.8509680772496542,0.3260076745558066,0.0012228578327771191
0.6338324974567912,0.5993538055876946,0.1867932195155524
0.5179490980963257,0.6315324787923535,0.3538565047535155
0.5639579819496703,0.761851172543732,0.39785112538888645
0.19179698329885664,0.3181859377944851,0.630111852548476
0.32867156796687946,0.32010765621632875,0.3264322801909265
0.6140434545246078,0.15939758751666333,0.0003567072154653687
0.06375034581839967,0.23756045720287577,0.8687965399096665
0.663694623512629,0.04335524355430309,3.305798318417078e-16
0.5180359653651986,0.9184696834845697,0.5665933215361814
0.008817499049730615,0.6723378898743229,0.9958508458433822
0.9959934114623318,0.48400203806667463,0.003402305750505335
0.34896439513847255,0.656691614353351,0.6285472028754765
0.8382296661900249,0.8254783592492009,0.1553078462613994
0.2706561418149023,0.24055883472478035,0.3248642313054975
0.7584379909360837,0.709458135001505,0.15001285103024323
0.14148502320337353,0.10505528825182353,0.38634625337381634
0.6913995773975795,0.9229384836614499,0.3580251975406333
0.6718970360153874,0.33815945375727274,0.018253987131892243
0.9095843677732383,0.4569111836026649,0.0062873102514176705
0.05011965525701445,0.555389746567481,0.9640652945892526
0.2248262357745765,0.32129028878533905,0.5558938576968949
0.9413258802447626,0.23354649952569184,5.694921781969035e-06
0.4074370974173459,0.5402521395782511,0.43815270970856607
0.46353474061178024,0.9933004025411313,0.6736196109032302
0.9567117828561945,0.4046232625931787,0.0014302631590613517
0.9324953538193576,0.19195876976480064,3.995357145078188e-07
0.49735754115269337,0.7855844735573045,0.5055612889001431
0.745810450850138,0.936179049378586,0.30729073995117145
0.3219453053808503,0.2768946398051061,0.2762848150321522
0.8522656547417908,0.04721441330623899,5.960410895187749e-24
0.9498042777949882,0.7015954764318055,0.0446282659067952
0.5213973845582524,0.9503342121220741,0.58157250209115
0.34573507379098334,0.8857184489886208,0.7573321945736324
0.41114461325585583,0.3790469775288846,0.25795035740529365
0.650366667699049,0.269247032588411,0.007245447129681901
0.3374107760232077,0.8524659240349345,0.7524544437369446
0.3174509627870802,0.4181869055560202,0.47279963485499726
0.610270533566556,0.2676203230680303,0.012480143392927124
0.23799856838454203,0.6721698961590011,0.7933456664414629
0.24872302534227253,0.3014032539519048,0.4730046418558595
0.02672294482425419,0.03899690660166344,0.7844173989876003
0.5346418935953827,0.8308060416260439,0.4874691539140957
0.001875087622148608,0.7036617747053726,0.9991985475615652
0.47903175431624867,0.9701207517752073,0.6437877130604305
0.46270507220873025,0.9884593539300925,0.6721769132338944
0.4892678356756709,0.5162153588027624,0.2882563735782852
0.4974822308040441,0.46406783600868373,0.22622981579926874
0.8582835664756655,0.37902306696986665,0.00338918804962738
0.5815768009230832,0.38601996031948915,0.07748714349295877
0.9073738221158786,0.7114952845677356,0.06310788316600902
0.2660376496293363,0.9420632412629284,0.8551606954930675
0.8388747153124937,0.34888863703682915,0.0024631317699340158
0.45758508940054243,0.5557997881944968,0.3732018809791106
0.42422456878931913,0.06318735548385612,3.357962182262483e-05
0.9282012013232186,0.8748478961727443,0.11969739312651294
0.3513648569055894,0.7310487451847111,0.672679330971342
0.4828713979707573,0.3165545295157399,0.10120188571415296
0.11215694734674553,0.43932533818829855,0.8692656891503313
0.10476223741557555,0.7294388567017471,0.9415020212766626
0.7544634313266702,0.3378077147101335,0.006429400354166374
0.34829846936852693,0.7988684637191307,0.7140084141313303
0.7481725951230055,0.0568693133522562,1.3532014789772232e-15
0.381655331896152,0.5307682591940065,0.4722607091123469
0.4286640429038082,0.522822209103082,0.3865264981879708
0.3808128471987611,0.6916302559292553,0.605177044855677
0.14224009667578275,0.9302874711847091,0.9416227870355004
0.988151056757179,0.08307713188687527,3.505574367697826e-18
0.6787700762090771,0.8002102831798595,0.2869852273211133
0.5763168933883789,0.1918874432509221,0.0032418202600360923
0.1423636981545079,0.9041498542301771,0.9384987858872781
0.5457027724654396,0.8636236587207635,0.4956827986268758
0.6766971134508274,0.3146134509852331,0.011910438069863088
0.20192048139728058,0.016327921541135826,5.81199498968525e-05
0.4636004772729623,0.18507202961490288,0.019271329572442545
0.7691585083616419,0.4577368555036392,0.027664625611281416
0.24329701221906164,0.906796499809308,0.8655501167846131
0.44334825708601466,0.08505532933142468,0.0002546340878844269
0.7222894190449275,0.8623639840057927,0.28310574761361257
0.5835697355192031,0.6441254177043378,0.2784679955303951
0.04802811191806167,0.3405286219016904,0.9358381328400579
0.6339584588843374,0.07385488157823406,5.834025706680996e-09
0.2928565563884995,0.670431415324983,0.71915613138039
0.8498744713849506,0.9928791403146351,0.24120958383600222
0.1818048225056792,0.505505420946557,0.7930871930951767
0.4898801208933081,0.42117937598918975,0.19368510440996975
0.09407801831425622,0.01133138971164216,0.026717645574521377
0.14564800315372506,0.4460940297982492,0.820212924677121
0.45318199966708894,0.21957069202331647,0.04390823359216334
0.3445202841908491,0.42447542726013165,0.42807437459393477
0.020654471373267813,0.536590365084012,0.9858554129325198
0.6126545445756036,0.47975661960646476,0.11832873295557304
0.8383145181125654,0.38377423515408693,0.004798898465296534
0.9583880325845643,0.8034685371196986,0.07458624225184926
0.5299446673527493,0.36252931609207906,0.09902522824184168
0.5558112899311265,0.6970924534842415,0.3574535587776912
0.6329082702005392,0.009208161795675296,3.111756831313228e-67
0.41498499246672615,0.9024158134197218,0.6848726901952013
0.1993700471450699,0.8579455467087346,0.8907647691666568
0.5360728776431446,0.2624053315991328,0.03036661609269619
0.8120289375244668,0.6692472773352341,0.0919743439999852
0.38083352457219843,0.2760973036553419,0.1753551136102344
0.9766011878131778,0.35676470050233566,0.00034855600155552077
0.20120211227853602,0.6907587208718878,0.8442636287065943
0.05526592907347527,0.9141488881992148,0.9819441456534138
0.4821681471841658,0.5147313593407685,0.29690036559269933
0.19399723878570274,0.21296825120607943,0.47307458379428546
0.46564722329794295,0.8376200301161171,0.5836640976638903
0.3246885971930761,0.10908842147224673,0.026796924514659617
0.3951421829962568,0.7167578092761802,0.6015447844376192
0.59604260349537,0.9035838889866056,0.45884241927705677
0.24674987267839388,0.9778474709854916,0.8793909065172887
0.9641705355393823,0.39161539990648364,0.0009802861274892714
0.408117146050028,0.8158286584121616,0.6462665167960572
0.1769966986052639,0.4094386786494839,0.743247898283379
0.06122437721205565,0.47522344371331404,0.9437550813145152
0.4674594212421338,0.11661538978054964,0.001372961339985108
0.39668559978661067,0.13804564927181007,0.017145653202458616
0.22615800602851432,0.6854465879774222,0.8134301409007371
0.9502527966827798,0.5596813038949046,0.014134421041813911
0.032749799020572734,0.20850328072690283,0.9293719577427131
0.269694971880148,0.4890673541481605,0.6328943905067184
0.9828506663164222,0.4012686037551636,0.0009173590323793327
0.8437560321399135,0.748994077411735,0.11167460591863541
0.7350330435220934,0.5161103208431832,0.06135899529815969
0.6867682259058351,0.0964038516923239,4.9573806614405985e-08
0.3640322078459701,0.8315888302783246,0.7109606580701326
0.7999025431081618,0.2863765003944809,0.0010053083542871527
0.3381539537701842,0.8779217776701899,0.7624909270613683
0.18572529576861518,0.38462561269775575,0.70716567025433
0.75196447797171,0.43243256661529095,0.025033501848427814
0.29257726514150373,0.4226124978347916,0.5266042718142402
0.737046497724244,0.7251235406446529,0.1775086297444542
0.05236039120938929,0.6655011873457904,0.9711078529736001
0.42464416292335616,0.6161562816448819,0.47932358287618476
0.713261131730625,0.6754911280645434,0.16612402003313878
0.8765936036528034,0.40731650567629085,0.004377403275313955
0.8996832410122465,0.6114151758996877,0.034537468355534916
0.870688091470665,0.40134877972913074,0.0042700077215906945
0.36504052678137433,0.5115661998545816,0.48240324210707086
0.6091993329007318,0.35312117987555036,0.04367742653544676
0.12980885467361736,0.6767831631107999,0.912736196543166
0.26651477007088065,0.5210684746752215,0.6636992757342565
0.2616390879790286,0.0908828540328197,0.05085900851021381
0.04307894634954035,0.8036550698334954,0.9830202716635043
0.9544879286346688,0.39366201536477197,0.0011795318542432978
0.7772195138937278,0.42480371650878257,0.017719539397868786
0.9992782563585215,0.8611134281451167,0.07737915276520048
0.9625393496831796,0.4225747427145343,0.001864222748252578
0.3976284493447517,0.4917760976796459,0.4063193620730727
0.5972525191595695,0.4202432123828398,0.08922975167062584
0.8315932050641067,0.6198473459477417,0.060880347291069815
0.824077349367577,0.3328192391368381,0.002169791840525041
0.4210201174101609,0.32539065216135843,0.18003050936177492
